{"cameraMode":{"drawMode":0,"name":"Shaded","section":"Shading Mode"},"sceneLighting":true,"audioPlay":false,"sceneViewState":{"showFog":true,"showMaterialUpdate":true,"showSkybox":true,"showFlares":true,"showImageEffects":true,"showParticleSystems":true},"in2DMode":false,"pivot":{"x":5.644927501678467,"y":-10.999289512634278,"z":-21.887191772460939},"rotation":{"x":-0.02110832929611206,"y":-0.9663586616516113,"z":0.24207541346549989,"w":-0.08429064601659775},"size":37.00810241699219,"orthographic":false}