{"cameraMode":{"drawMode":0,"name":"Shaded","section":"Shading Mode"},"sceneLighting":false,"audioPlay":false,"sceneViewState":{"showFog":true,"showMaterialUpdate":false,"showSkybox":true,"showFlares":true,"showImageEffects":true,"showParticleSystems":true},"in2DMode":false,"pivot":{"x":337.0,"y":81.93000030517578,"z":339.8900146484375},"rotation":{"x":-0.05313530191779137,"y":0.7316859364509583,"z":-0.05741576477885246,"w":-0.6771380305290222},"size":18.554168701171876,"orthographic":false}